nome,rua,numero,cidade,cep,latitude,longitude
222,R. Francisco Deslandes,222,Belo Horizonte - MG,30310-530,-19.9456523,-43.9295759
Alexandre’s Bar,R. David Alves do Vale,68,Santa Rosa,Belo Horizonte - MG,-19.8634011,-43.9441692
Andrade’s Beer,R. Dona Geni,32,Maria Helena,Belo Horizonte - MG,-19.8049138,-43.9969411
Armazém Santa Amélia,Rua da Sinfonia,253,Santa Amélia,Belo Horizonte - MG,,
Avalanche Bar e Restaurante,R. Doutor Álvaro Camargos,1113,São Belo Horizonte - MG,31515-142,-19.8258777,-43.9608039
Azougue Fogo e Bar,Rua do Ouro,835,Serra,Belo Horizonte - MG,-19.9403611,-43.9200245
Baiúca,R. Piauí,1884,Funcionários,Belo Horizonte - MG,-19.9368282,-43.9282795
Bar Bambú,R. Divisa Nova,670,Belo Horizonte - MG,30550-330,-19.9440127,-43.9840632
Bar Bendita Baderna,R. Silva Fortes,47,União,Belo Horizonte - MG,-19.8796811,-43.9279013
Bar da Cintia,R. Pastor Rui Franco,257,São João Batista (Venda Nova),Belo Horizonte - MG,-19.8168676,-43.9694756
Bar da Fia,R. dos Astecas,2722,Santa Mônica,Belo Horizonte - MG,-19.8299231,-43.9791637
Bar da Gisa,Rua Maria Ferreira da Silva,367,Belo Horizonte - MG,31920-350,-19.8773115,-43.9165710
Bar da Lu,R. Geralda Marinho,41,São João Batista (Venda Nova),Belo Horizonte - MG,-19.8268831,-43.9645853
Bar da Praça,Rua Oeste,517,Calafate,Belo Horizonte - MG,-19.9217945,-43.9677897
Bar da Silvânia,R. Soares Nogueira,801,Camargos,Belo Horizonte - MG,-19.9413608,-44.0180235
Bar do Bartolomeu,R. Arthur Luchesi,356,Santa Helena (Barreiro),Belo Horizonte - MG,-19.9851340,-44.0112649
Bar do Bem,Rua Vicentina Coutinho Camargos,100,Álvaro Camargos,Belo Horizonte - MG,-19.9150472,-44.0051064
Bar do Dedinho,Avenida Guarapari,872,Belo Horizonte - MG,31555-000,-19.8457720,-43.9775591
Bar do João (São João Batista),R. Geralda Marinho,117,Belo Horizonte - MG,31515-420,-19.8268831,-43.9645853
Bar do Kim,Rua Júlio de Castilho,1071,Palmeiras,Belo Horizonte - MG,-19.9590946,-43.9818958
Bar do Momô,Avenida Coronel José Benjamim,777,Belo Horizonte - MG,30720-430,,
Bar do Nelson,R. Vicente Risola,1000,Santa Inês,Belo Horizonte - MG,,
Bar do Peixinho,Avenida Bernardo de Vasconcelos,1824,Belo Horizonte - MG,31150-000,,
Bar do Primo,Avenida Amazonas,4649,Nova Suíça,Belo Horizonte - MG,,
Bar do Regis,R. Gávea,422,Jardim América,Belo Horizonte - MG,,
Bar do Tião,Avenida Doutor Cristiano Guimarães,2570,Planalto,Belo Horizonte - MG,,
Bar dos Meninos,Rua Lindolfo Deodoro,503 - A,Salgado Filho,Belo Horizonte - MG,,
Bar Du Du,R. Vinte e Oito de Setembro,229,Esplanada,Belo Horizonte - MG,,
Bar Du Magrelo,Rua São Felipe,21,Belo Horizonte - MG,31030-290,,
Bar e Restaurante Bom Sabor,R. Java,386,Nova Suíça,Belo Horizonte - MG,,
Bar e Restaurante do Branco,Rua Pitangui,3197,Belo Horizonte - MG,31030-211,,
Bar Estabelecimento,R. Monte Alegre,160,Serra,Belo Horizonte - MG,,
Bar Junto Juntinho,Rua Cura D’Ars,542,Prado,Belo Horizonte - MG,,
Bar Mania Mineira,Rua Paracatu,1099,Santo Agostinho,Belo Horizonte - MG,,
Bar Pompéu,R. São Miguel,779,Itapoã,Belo Horizonte - MG,,
Bar Stella,Av. Saramenha,1599,Guarani,Belo Horizonte - MG,,
Bar Temático Sta. Teresa,R. Pirite,187,Santa Teresa,Belo Horizonte - MG,,
Barrigudinha Buteco,Av. dos Engenheiros,1071,Alípio de Melo,Belo Horizonte - MG,,
Barzim dos Amigos,R. Lindolfo de Azevedo,1263,Jardim América,Belo Horizonte - MG,,
Bazin Bar,R. Min. Orozimbo Nonato,1053,Dona Clara,Belo Horizonte - MG,,
Beco Restaurante,R. dos Tamoios,232,Centro,Belo Horizonte - MG,,
Bella Bar e Restaurante,Rua dos Odontólogos,422,Belo Horizonte - MG,30840-200,,
Boi Major,R. Major Lopes,7,São Pedro,Belo Horizonte - MG,,
Boteco 86,R. Jacarina,86,Padre Eustáquio,Belo Horizonte - MG,,
Botequim Buritis,Rua Vitório Magnavacca,39,Buritis,Belo Horizonte - MG,,
Buteco do Lili,R. Líbero Badaró,493,Dona Clara,Belo Horizonte - MG,,
Buteco Tô D’Boa,Av. Virgílio de Melo Franco,400,Jardim Atlântico,Belo Horizonte - MG,,
Buteco’s Bar,R. Ernesto Braga,2,Jardim Atlântico,Belo Horizonte - MG,,
Butiquim 325,Avenida Francisco Sá,325,Belo Horizonte - MG,30411-145,,
Butiquim On Cê Tá?,Av. Gen. Olímpio Mourão Filho,754,Itapoã,Belo Horizonte - MG,,
Café Palhares,Rua dos Tupinambás,638,Centro,Belo Horizonte - MG,,
Camisola Bar,R. Luther King,242,Cidade Nova,Belo Horizonte - MG,,
Cantina Arte Quintal,R. Realengo,150,Caiçara,Belo Horizonte - MG,,
Cantinho da Baiana,R. Itaité,422,São Geraldo,Belo Horizonte - MG,,
Casa Mojubá,Rua Mármore,817,Belo Horizonte - MG,31010-220,,
Chapa Mágica,Av. Waldomiro Lobo,305,Guarani,Belo Horizonte - MG,,
Choperia América Norte Sul,R. Chico Rei,190,Estrela do Oriente,Belo Horizonte - MG,,
Chopp da Esquina,R. Garret,263,Nova Granada,Belo Horizonte - MG,,
Cipoeiro Bar,Rua Desembargador José Satyro,451,Belo Horizonte - MG,30840-490,,
Comida & Prosa,Av. Francisco Sá,306,Belo Horizonte - MG,30411-145,,
Companhia do Dino,Avenida Joaquim Clemente,682,Floramar,Belo Horizonte - MG,,
Conectados Bar,Av. Francisco Sá,280,Prado,Belo Horizonte - MG,,
COSMOS,R. Vicente Risola,1305,Santa Inês,Belo Horizonte - MG,,
Deck Boi na Brasa,R. Desembargador José Satyro,302,Manacás,Belo Horizonte - MG,,
Dona Dora,R. Rio de Janeiro,1205,Centro,Belo Horizonte - MG,,
Dona Ju Gastro Bar,Rua dos Borges,1520,Jardim Vitória,Belo Horizonte - MG,,
Dona Suica,Av. João Samaha,390,São João Batista (Venda Nova),Belo Horizonte - MG,,
Empório Laís,Rua Olavo Andrade,195,Belo Horizonte - MG,31130-270,,
Espetinho do Boi,R. São Paulo da Cruz,357,Barreiro,Belo Horizonte - MG,,
Espetinho do Tilias,Praça Manoel Batista Baía,235,Belo Horizonte - MG,31660-190,,
Espetinho Rei e Família,Av. Guarapari,1281,Belo Horizonte - MG,31560-300,,
Espetinho São Pedro QUIÓ,Rua Cristina,870,Belo Horizonte - MG,30330-130,,
Espettinho.com,R. Eli Seabra Filho,510,Buritis,Belo Horizonte - MG,,
Galpão Flor do Campo,Rua Coronel Otávio Diniz,449,Belo Horizonte - MG,30270-360,,
Garagge Vintage,Av. Doutor Cristiano Guimarães,1258,Planalto,Belo Horizonte - MG,,
Geraldin da Cida,Rua Contria,1459,Grajaú,Belo Horizonte - MG,,
Golden Grill,R. Amílcar Cabral,515,Milionários,Belo Horizonte - MG,,
Graffica Bar,Av. Augusto de Lima,233,Belo Horizonte - MG,30160-906,,
Iracema bar,R. Almandina,56,Santa Teresa,Belo Horizonte - MG,,
Ivo Grill,Rua Professor Tristão da Cunha,183,Planalto,Belo Horizonte - MG,,
Já Tô Inno,R. Benjamim Dias,379,Barreiro,Belo Horizonte - MG,,
Juzé Bar,R. Carlos Sá,180,Jardim Atlântico,Belo Horizonte - MG,,
Köbes Emporium Bar,R. Professor Raimundo Nonato,31 - A,Santa Tereza,Belo Horizonte - MG,,
Koqueiros Bar,Av. Silviano Brandão,1293,Sagrada Família,Belo Horizonte - MG,,
Leo da Quadra,R. Oliveira Lisboa,107,Barreiro,Belo Horizonte - MG,,
Locomotivas Bar,R. Carmésia,568,Santa Inês,Belo Horizonte - MG,,
Magnífico Quintal,R. Doutor Jefferson de Oliveira,56,Santa Amélia,Belo Horizonte - MG,,
Magrelo’s bar,Av. Serrana,635,Belo Horizonte - MG,31360-270,,
Mamute Bar,R. Brás Cubas,116,Cruzeiro,Belo Horizonte - MG,,
Mineiros Beer,R. Romualdo Lopes Cançado,399,Castelo,Belo Horizonte - MG,,
Mulão,R. Marambaia,291,Caiçara,Belo Horizonte - MG,,
Nosso Spetim,Rua dos Astecas,3219,Santa Mônica,Belo Horizonte - MG,,
NUBAR,Avenida dos Engenheiros,843,Belo Horizonte - MG,30840-300,,
O Fino do Alho,R. Capitão Sérgio Pires,41,Minascaixa,Belo Horizonte - MG,,
Oratório Bar,Av. Brasil,161,Santa Efigênia,Belo Horizonte - MG,,
Parada 10.95 Bar,Avenida dos Engenheiros,1095,Alípio de Melo,Belo Horizonte - MG,,
Parada do Sabor,Av. General Carlos Guedes,346,Planalto,Belo Horizonte - MG,,
Pé de Cana,R. Flórida,15,Belo Horizonte - MG,30310-710,,
Pé de Goiaba,Av. Amazonas,4676,Nova Suíça,Belo Horizonte - MG,,
Planeta Lúpulo,Av. Guarapari,108,Santa Amélia,Belo Horizonte - MG,,
PoiZé Bar e Petisqueira,R. Pium-I,686,Cruzeiro,Belo Horizonte - MG,,
Prado Beer,Av. Francisco Sá,590,Prado,Belo Horizonte - MG,,
Queremos Frango,Avenida Joaquim Clemente,730,Belo Horizonte - MG,31840-340,,
Quintal do Louzada,Rua Gávea,358,Belo Horizonte - MG,30421-340,,
Quioxque Botequim Carioca,Rua Henrique Badaró Portugal,157,Buritis,Belo Horizonte - MG,,
Quitandas da Tia Nice Bar,R. Alabastro,146,Horto,Belo Horizonte - MG,,
Recanto da Traíra,Rua Alberto Cintra,47,Belo Horizonte - MG,31160-370,,
Reforma Bar,Rua Joaquim Nabuco,577,Belo Horizonte - MG,30421-260,,
Rei da Picanha,Avenida Sebastião de Brito,400,Belo Horizonte - MG,31260-000,,
Rei do Peixe,R. Ramalho Ortigão,735,Santa Branca,Belo Horizonte - MG,,
Resenha da Naty,R. Gonçalves Lêdo,288,Cachoeirinha,Belo Horizonte - MG,,
S.O.S Pub,Avenida Padre José Maurício,1126,Vista Alegre,Belo Horizonte - MG,,
Sant’Esquina Butiquim,Rua Ramalho Ortigão,650,Belo Horizonte - MG,31565-100,,
Santa Boemia,R. Mármore,534,Santa Teresa,Belo Horizonte - MG,,
Santuário Retrô,Av. Padre Vieira,150,Minas Brasil,Belo Horizonte - MG,,
Seu Justino,Rua Dona Conceição Martins,63,Belo Horizonte - MG,31680-010,,
Sô Bar,Av. Altamiro Avelino Soares,426,Castelo,Belo Horizonte - MG,,
Spetim,R. Ilacir Pereira Lima,518,Silveira,Belo Horizonte - MG,,
Sunset Bar,R. Érico Veríssimo,2039,Belo Horizonte - MG,31998-270,,
Tanganica Art Bar,R. Padre Demerval Gomes,380,Coração Eucarístico,Belo Horizonte - MG,,
Toca do Ogro,R. Professor Nelson de Sena,4,Pampulha,Belo Horizonte - MG,,
Toninho – Alto Forno,R. Miracema,100,Santo André,Belo Horizonte - MG,,
Us Motoca,R. Blenda,91,Camargos,Belo Horizonte - MG,,
Via Deslandes,Rua Francisco Deslandes,10,Belo Horizonte - MG,30310-530,,
Xambar,Av. Augusto de Lima,233 - Edifício Maleta,Centro,Belo Horizonte - MG,,
Zé Bolacha,Rua das Melancias,35,Vila Clóris,Belo Horizonte - MG,,
Zoo Bar,Av. Otacílio Negrão de Lima,7844,Pampulha,Belo Horizonte - MG,,
