name,street,number,district,city_state,zip_code,latitude,longitude
222,Rua Francisco Deslandes,222,Anchieta,Belo Horizonte - Minas Gerais,30310-080,-19.9456523,-43.9295759
Alexandre’s Bar,Rua David Alves do Vale,,Santa Rosa,Belo Horizonte - Minas Gerais,31255-973,-19.8634011,-43.9441692
Andrade’s Beer,Rua Dona Geni,,Lagoinha,Belo Horizonte - Minas Gerais,31680-120,-19.8049138,-43.9969411
Armazém Santa Amélia,Rua da Sinfonia,253,Santa Amélia,Belo Horizonte - MG,31560-420,-19.8328008,-43.9740549
Avalanche Bar e Restaurante,Rua Doutor Álvaro Camargos,,São João Batista,Belo Horizonte - Minas Gerais,31720-300,-19.8258777,-43.9608039
Azougue Fogo e Bar,Rua do Ouro,,Serra,Belo Horizonte - Minas Gerais,30220-000,-19.9335106,-43.9234402
Baiúca,Rua Piauí,,Santa Efigênia,Belo Horizonte - Minas Gerais,30130-090,-19.9271143,-43.9256779
Bar Bambú,Rua Divisa Nova,,Salgado Filho,Belo Horizonte - Minas Gerais,30550-000,-19.9440127,-43.9840632
Bar Bendita Baderna,Rua Silva Fortes,,União,Belo Horizonte - Minas Gerais,31160-370,-19.8796811,-43.9279013
Bar da Cintia,Rua Pastor Rui Franco,,São João Batista,Belo Horizonte - Minas Gerais,31520-400,-19.8168676,-43.9694756
Bar da Fia,Rua dos Astecas,,Santa Mônica,Belo Horizonte - Minas Gerais,31525-380,-19.8299231,-43.9791637
Bar da Gisa,Rua Maria Ferreira da Silva,,Dom Joaquim,Belo Horizonte - Minas Gerais,31910-520,-19.8773115,-43.9165710
Bar da Lu,Rua Geralda Marinho,,São João Batista,Belo Horizonte - Minas Gerais,31565-180,-19.8268831,-43.9645853
Bar da Praça,Rua Oeste,,Prado,Belo Horizonte - Minas Gerais,30411-305,-19.9231962,-43.9663009
Bar da Silvânia,Rua Soares Nogueira,,Camargos,Belo Horizonte - Minas Gerais,32310-010,-19.9402357,-44.0216093
Bar do Bartolomeu,Rua Arthur Luchesi,,Santa Helena,Belo Horizonte - Minas Gerais,30642-140,-19.9894517,-44.0100935
Bar do Bem,Rua Vicentina Coutinho Camargos,,Álvaro Camargos,Belo Horizonte - Minas Gerais,30860-070,-19.9153621,-44.0062588
Bar do Dedinho,Avenida Guarapari,,Santa Amélia,Belo Horizonte - Minas Gerais,31555-100,-19.8459682,-43.9767481
Bar do João (São João Batista),Rua Geralda Marinho,,São João Batista,Belo Horizonte - Minas Gerais,31565-180,-19.8268831,-43.9645853
Bar do Kim,Rua Júlio de Castilho,,Parque São José,Belo Horizonte - Minas Gerais,30570-080,-19.9648894,-43.9812539
Bar do Momô,Rua Conde de Prados,,Padre Eustáquio,Belo Horizonte - Minas Gerais,30720-430,-19.9186732,-43.9703781
Bar do Nelson,Rua Vicente Risola,,Ana Lúcia,Belo Horizonte - Minas Gerais,31080-160,-19.8916887,-43.9083866
Bar do Peixinho,Avenida Bernardo Vasconcelos,,Ipiranga,Belo Horizonte - Minas Gerais,31160-540,-19.8757884,-43.9293954
Bar do Primo,Avenida Amazonas,,Nova Suíça,Belo Horizonte - Minas Gerais,30480-000,-19.9295312,-43.9774293
Bar do Regis,Rua Gávea,,Jardim América,Belo Horizonte - Minas Gerais,30421-345,-19.9388489,-43.9752421
Bar do Tião,Avenida Doutor Cristiano Guimarães,,Itapoã,Belo Horizonte - Minas Gerais,31720-440,-19.8365481,-43.9545223
Bar dos Meninos,Rua Lindolfo Deodoro,,Salgado Filho,Belo Horizonte - Minas Gerais,30421-351,-19.9396503,-43.9789774
Bar Du Du,Rua 28 de Setembro,,Pompeia,Belo Horizonte - Minas Gerais,30280-480,-19.9110478,-43.9070201
Bar Du Magrelo,Rua São Felipe,,Brasil Industrial,Belo Horizonte - Minas Gerais,30626-110,-20.0017003,-44.0119088
Bar e Restaurante Bom Sabor,Rua Java,,Nova Suíça,Belo Horizonte - Minas Gerais,30421-280,-19.9333627,-43.9746709
Bar e Restaurante do Branco,Rua Pitangui,,Floresta,Belo Horizonte - Minas Gerais,31015-380,-19.9059440,-43.9302957
Bar Estabelecimento,Rua Monte Alegre,160,Serra,Belo Horizonte - Minas Gerais,30110-031,-19.9363019,-43.9239093
Bar Junto Juntinho,Rua Cura d'Ars,,Prado,Belo Horizonte - Minas Gerais,30411-223,-19.9303123,-43.9634520
Bar Mania Mineira,Rua Paracatu,,Barro Preto,Belo Horizonte - Minas Gerais,30180-094,-19.9248402,-43.9526088
Bar Pompéu,Rua São Miguel,,Itapoã,Belo Horizonte - Minas Gerais,31710-030,-19.8410387,-43.9652554
Bar Stella,Avenida Saramenha,,Guarani,Belo Horizonte - Minas Gerais,31814-620,-19.8421285,-43.9202727
Bar Temático Sta. Teresa,Rua Pirite,,Pompeia,Belo Horizonte - Minas Gerais,30280-480,-19.9104623,-43.9084168
Barrigudinha Buteco,Avenida dos Engenheiros,,Castelo,Belo Horizonte - Minas Gerais,31330-130,-19.8895208,-44.0015122
Barzim dos Amigos,Rua Lindolfo de Azevedo,,Jardim América,Belo Horizonte - Minas Gerais,30421-484,-19.9517213,-43.9693972
Bazin Bar,R. Min. Orozimbo Nonato,1053,Dona Clara,Belo Horizonte - MG,31260-155,-19.8567371,-43.9475273
Beco Restaurante,Rua dos Tamoios,,Centro,Belo Horizonte - Minas Gerais,30130-905,-19.9203116,-43.9389880
Bella Bar e Restaurante,Rua dos Odontólogos,,Alípio de Melo,Belo Horizonte - Minas Gerais,31330-130,-19.8897343,-44.0033492
Boi Major,Rua Major Lopes,,São Pedro,Belo Horizonte - Minas Gerais,30330-050,-19.9437587,-43.9353029
Boteco 86,Rua Jacarina,,Padre Eustáquio,Belo Horizonte - Minas Gerais,30720-180,-19.9132540,-43.9719321
Botequim Buritis,Rua Vitório Magnavacca,,Buritis,Belo Horizonte - Minas Gerais,30455-900,-19.9680402,-43.9655163
Buteco do Lili,Rua Líbero Badaró,,Santa Rosa,Belo Horizonte - Minas Gerais,31255-973,-19.8633295,-43.9459414
Buteco Tô D’Boa,Rua Virgilio de Melo Franco,,Santa Amélia,Belo Horizonte - Minas Gerais,31555-100,-19.8396625,-43.9813567
Buteco’s Bar,Rua Ernesto Braga,,Santa Amélia,Belo Horizonte - Minas Gerais,31555-100,-19.8475324,-43.9828181
Butiquim 325,Avenida Francisco Sá,,Prado,Belo Horizonte - Minas Gerais,30411-186,-19.9281110,-43.9596885
Butiquim On Cê Tá?,Avenida General Olímpio Mourão Filho,,São João Batista,Belo Horizonte - Minas Gerais,31720-300,-19.8284792,-43.9608174
Café Palhares,Rua dos Tupinambás,,Centro,Belo Horizonte - Minas Gerais,30180-113,-19.9164141,-43.9443398
Camisola Bar,Rua Luther King,,Cidade Nova,Belo Horizonte - Minas Gerais,31170-130,-19.8926606,-43.9246059
Cantina Arte Quintal,Rua Realengo,,Alto dos Caiçaras,Belo Horizonte - Minas Gerais,30770-410,-19.9014096,-43.9756523
Cantinho da Baiana,Rua Itaité,,São Geraldo,Belo Horizonte - Minas Gerais,31060-470,-19.8985760,-43.9006901
Casa Mojubá,Rua Mármore,,Santa Tereza,Belo Horizonte - Minas Gerais,31010-230,-19.9162948,-43.9182816
Chapa Mágica,Avenida Waldomiro Lobo,,Aarão Reis,Belo Horizonte - Minas Gerais,31814-620,-19.8444932,-43.9231461
Choperia América Norte Sul,Rua Chico Rei,,Estrela do Oriente,Belo Horizonte - Minas Gerais,30580-353,-19.9615872,-43.9847596
Chopp da Esquina,Rua Garrett,,Jardim América,Belo Horizonte - Minas Gerais,30431-290,-19.9443440,-43.9723597
Cipoeiro Bar,Rua Desembargador José Satyro,,Castelo,Belo Horizonte - Minas Gerais,30840-470,-19.8886426,-43.9960496
Comida & Prosa,Avenida Francisco Sá,,Prado,Belo Horizonte - Minas Gerais,30411-073,-19.9223318,-43.9589173
Companhia do Dino,Avenida Joaquim Clemente,,Floramar,Belo Horizonte - Minas Gerais,31742-036,-19.8396478,-43.9332774
Conectados Bar,Avenida Francisco Sá,,Prado,Belo Horizonte - Minas Gerais,30411-073,-19.9223318,-43.9589173
COSMOS,Rua Vicente Risola,,Ana Lúcia,Belo Horizonte - Minas Gerais,31080-160,-19.8899984,-43.9086241
Deck Boi na Brasa,Rua Desembargador José Satyro,,Castelo,Belo Horizonte - Minas Gerais,30840-470,-19.8886426,-43.9960496
Dona Dora,Rua Rio de Janeiro,,Lourdes,Belo Horizonte - Minas Gerais,30140-092,-19.9332301,-43.9425867
Dona Ju Gastro Bar,Rua dos Borges,,Jardim Vitória,Belo Horizonte - Minas Gerais,31970-360,-19.8412697,-43.8775352
Dona Suica,Rua João Samaha,,São João Batista,Belo Horizonte - Minas Gerais,31520-400,-19.8204997,-43.9675696
Empório Laís,Rua Olavo Andrade,,Cachoeirinha,Belo Horizonte - Minas Gerais,31150-900,-19.8902090,-43.9482261
Espetinho do Boi,Rua São Paulo da Cruz,,Barreiro de Baixo,Belo Horizonte - Minas Gerais,30642-060,-19.9810622,-44.0133834
Espetinho do Tilias,Praça Manoel Batista Baía,,Mantiqueira,Belo Horizonte - Minas Gerais,31660-050,-19.8000554,-43.9839421
Espetinho Rei e Família,Avenida Guarapari,,Santa Amélia,Belo Horizonte - Minas Gerais,31560-140,-19.8341323,-43.9740179
Espetinho São Pedro QUIÓ,Rua Cristina,,Anchieta,Belo Horizonte - Minas Gerais,30310-750,-19.9481585,-43.9313917
Espettinho.com,Rua Eli Seabra Filho,,Buritis,Belo Horizonte - Minas Gerais,30575-740,-19.9756214,-43.9751097
Galpão Flor do Campo,Rua Coronél Otávio Diniz,,Paraíso,Belo Horizonte - Minas Gerais,30280-480,-19.9163450,-43.9073823
Garagge Vintage,Avenida Doutor Cristiano Guimarães,1258,Planalto,Belo Horizonte - Minas Gerais,31720-300,-19.8315762,-43.9547337
Geraldin da Cida,Rua Contria,,Grajaú,Belo Horizonte - Minas Gerais,30431-285,-19.9363420,-43.9682680
Golden Grill,Rua Amilcar Cabral,,Milionários,Belo Horizonte - Minas Gerais,30620-250,-19.9818967,-44.0047592
Graffica Bar,Avenida Augusto de Lima,233,Centro,Belo Horizonte - Minas Gerais,31190-000,-19.9248113,-43.9375775
Iracema bar,Rua Almandina,,Santa Tereza,Belo Horizonte - Minas Gerais,31010-070,-19.9182962,-43.9246508
Ivo Grill,Rua Tristão da Cunha,,Planalto,Belo Horizonte - Minas Gerais,31720-440,-19.8387570,-43.9464948
Já Tô Inno,R. Benjamim Dias,379,Barreiro,Belo Horizonte - MG,30640-520,-19.9782104,-44.0179972
Juzé Bar,Rua Carlos Sá,,Copacabana,Belo Horizonte - Minas Gerais,31550-000,-19.8414871,-43.9890445
Köbes Emporium Bar,Rua Professor Raimundo Nonato,,Santa Tereza,Belo Horizonte - Minas Gerais,31010-260,-19.9119307,-43.9157622
Koqueiros Bar,Avenida Silviano Brandão,,Floresta,Belo Horizonte - Minas Gerais,31015-150,-19.9108210,-43.9262772
Leo da Quadra,Rua Oliveira Lisboa,,Barreiro de Baixo,Belo Horizonte - Minas Gerais,30640-020,-19.9761639,-44.0131047
Locomotivas Bar,Rua Carmésia,,Ana Lúcia,Belo Horizonte - Minas Gerais,31080-320,-19.8861309,-43.9084077
Magnífico Quintal,Rua Jefferson de Oliveira,,Santa Amélia,Belo Horizonte - Minas Gerais,31560-140,-19.8421348,-43.9759104
Magrelo’s bar,Avenida Serrana,,Serrano,Belo Horizonte - Minas Gerais,31330-200,-19.8808275,-44.0115442
Mamute Bar,Rua Brás Cubas,,Anchieta,Belo Horizonte - Minas Gerais,30310-520,-19.9453396,-43.9286133
Mineiros Beer,Rua Romualdo Lopes Cançado,,Castelo,Belo Horizonte - Minas Gerais,30840-470,-19.8881972,-43.9968750
Mulão,Rua Marambaia,291,Caiçaras,Belo Horizonte - Minas Gerais,30770-080,-19.9090992,-43.9683517
Nosso Spetim,Rua dos Astecas,,Santa Mônica,Belo Horizonte - Minas Gerais,31525-380,-19.8299231,-43.9791637
NUBAR,Avenida dos Engenheiros,,Castelo,Belo Horizonte - Minas Gerais,30840-300,-19.8900182,-44.0009464
O Fino do Alho,Rua Capitão Sérgio Pires,,Minascaixa,Belo Horizonte - Minas Gerais,31630-560,-19.8066128,-43.9563356
Oratório Bar,Avenida Brasil,,Santa Efigênia,Belo Horizonte - Minas Gerais,30140-000,-19.9240162,-43.9214774
Parada 10.95 Bar,Avenida dos Engenheiros,,Alípio de Melo,Belo Horizonte - Minas Gerais,30840-300,-19.8909945,-43.9999259
Parada do Sabor,Avenida General Carlos Guedes,,Planalto,Belo Horizonte - Minas Gerais,31720-440,-19.8383061,-43.9488874
Pé de Cana,Rua Flórida,,Sion,Belo Horizonte - Minas Gerais,30310-750,-19.9489897,-43.9322579
Pé de Goiaba,Avenida Amazonas,,Nova Suíça,Belo Horizonte - Minas Gerais,30421-026,-19.9294049,-43.9754197
Planeta Lúpulo,Avenida Guarapari,,Santa Amélia,Belo Horizonte - Minas Gerais,31560-140,-19.8388542,-43.9773720
PoiZé Bar e Petisqueira,Rua Pium-i,,Anchieta,Belo Horizonte - Minas Gerais,30310-080,-19.9475492,-43.9312652
Prado Beer,Avenida Francisco Sá,,Gutierrez,Belo Horizonte - Minas Gerais,30430-180,-19.9356623,-43.9595796
Queremos Frango,Avenida Joaquim Clemente,,Floramar,Belo Horizonte - Minas Gerais,31742-036,-19.8396478,-43.9332774
Quintal do Louzada,Rua Gávea,,Jardim América,Belo Horizonte - Minas Gerais,30421-345,-19.9388489,-43.9752421
Quioxque Botequim Carioca,Rua Henrique Badaró Portugal,,Parque São José,Belo Horizonte - Minas Gerais,30570-740,-19.9636069,-43.9764218
Quitandas da Tia Nice Bar,Rua Alabastro,,Horto,Belo Horizonte - Minas Gerais,31015-104,-19.9121372,-43.9210181
Recanto da Traíra,Rua Alberto Cintra,,União,Belo Horizonte - Minas Gerais,31160-370,-19.8838936,-43.9290558
Reforma Bar,Rua Joaquim Nabuco,,Nova Suíça,Belo Horizonte - Minas Gerais,30421-265,-19.9354463,-43.9772205
Rei da Picanha,Avenida Sebastião de Brito,400,Santa Rosa,Belo Horizonte - Minas Gerais,31420-160,-19.8614898,-43.9437183
Rei do Peixe,Rua Ramalho Ortigão,,Santa Branca,Belo Horizonte - Minas Gerais,31565-180,-19.8366877,-43.9683649
Resenha da Naty,Rua Gonçalves Ledo,,Cachoeirinha,Belo Horizonte - Minas Gerais,31150-900,-19.8892256,-43.9464990
S.O.S Pub,Rua Padre José Maurício,,Vila Vista Alegre,Belo Horizonte - Minas Gerais,30518-000,-19.9544443,-43.9958154
Sant’Esquina Butiquim,Rua Ramalho Ortigão,,Santa Branca,Belo Horizonte - Minas Gerais,31565-180,-19.8307182,-43.9654983
Santa Boemia,Rua Mármore,,Santa Tereza,Belo Horizonte - Minas Gerais,31010-230,-19.9162948,-43.9182816
Santuário Retrô,Avenida Padre Vieira,,Minas Brasil,Belo Horizonte - Minas Gerais,30730-420,-19.9160217,-43.9899947
Seu Justino,Rua Dona Conceição Martins,,Maria Helena,Belo Horizonte - Minas Gerais,31680-120,-19.8022926,-43.9995124
Sô Bar,Avenida Altamiro Avelino Soares,,Castelo,Belo Horizonte - Minas Gerais,31330-000,-19.8842816,-43.9967121
Spetim,Rua Ilacir Pereira Lima,,Silveira,Belo Horizonte - Minas Gerais,31140-540,-19.8918598,-43.9293710
Sunset Bar,Rua Érico Veríssimo,,Beija Flor,Belo Horizonte - Minas Gerais,31998-257,-19.8344409,-43.8686921
Tanganica Art Bar,Rua Padre Demerval Gomes,380,Coração Eucarístico,Belo Horizonte - Minas Gerais,30535-630,-19.9254737,-43.9917045
Toca do Ogro,Rua Nelson de Sena,,Aeroporto,Belo Horizonte - Minas Gerais,31270-380,-19.8543191,-43.9568613
Toninho – Alto Forno,Rua Miracema,,Santo André,Belo Horizonte - Minas Gerais,31230-590,-19.8999841,-43.9522977
Us Motoca,Rua Blenda,,Camargos,Belo Horizonte - Minas Gerais,30525-160,-19.9407705,-44.0148074
Via Deslandes,Rua Francisco Deslandes,,Anchieta,Belo Horizonte - Minas Gerais,30310-530,-19.9515783,-43.9277035
Xambar,Avenida Augusto de Lima,233,Centro,Belo Horizonte - Minas Gerais,31190-000,-19.9248113,-43.9375775
Zé Bolacha,Rua das Melancias,,Vila Clóris,Belo Horizonte - Minas Gerais,31744-054,-19.8203648,-43.9508132
Zoo Bar,Avenida Otacílio Negrão de Lima,7844,Bandeirantes,Belo Horizonte - Minas Gerais,31365-450,-19.8545889,-44.0040585
